Full_ID,Barcode,ID,Genotype,Repeat,Depth
barcode01.k2.0.1.gtdb.report,01,D02B,Dabbi,2,Base
barcode02.k2.0.1.gtdb.report,02,D02M,Dabbi,2,Mid-section
barcode03.k2.0.1.gtdb.report,03,D02T,Dabbi,2,Tip
barcode04.k2.0.1.gtdb.report,04,D05B,Dabbi,5,Base
barcode05.k2.0.1.gtdb.report,05,D05M,Dabbi,5,Mid-section
barcode06.k2.0.1.gtdb.report,06,D05T,Dabbi,5,Tip
barcode07.k2.0.1.gtdb.report,07,D06B,Dabbi,6,Base
barcode08.k2.0.1.gtdb.report,08,D06M,Dabbi,6,Mid-section
barcode09.k2.0.1.gtdb.report,09,D06T,Dabbi,6,Tip
barcode10.k2.0.1.gtdb.report,10,D07B,Dabbi,7,Base
barcode11.k2.0.1.gtdb.report,11,D07M,Dabbi,7,Mid-section
barcode12.k2.0.1.gtdb.report,12,D07T,Dabbi,7,Tip
barcode13.k2.0.1.gtdb.report,13,T02B,Tsedey,2,Base
barcode14.k2.0.1.gtdb.report,14,T02M,Tsedey,2,Mid-section
barcode15.k2.0.1.gtdb.report,15,T02T,Tsedey,2,Tip
barcode16.k2.0.1.gtdb.report,16,T06B,Tsedey,6,Base
barcode17.k2.0.1.gtdb.report,17,T06M,Tsedey,6,Mid-section
barcode18.k2.0.1.gtdb.report,18,T06T,Tsedey,6,Tip
barcode19.k2.0.1.gtdb.report,19,T07B,Tsedey,7,Base
barcode20.k2.0.1.gtdb.report,20,T07M,Tsedey,7,Mid-section
barcode21.k2.0.1.gtdb.report,21,T07T,Tsedey,7,Tip
barcode22.k2.0.1.gtdb.report,22,T08B,Tsedey,8,Base
barcode23.k2.0.1.gtdb.report,23,T08M,Tsedey,8,Mid-section
barcode24.k2.0.1.gtdb.report,24,T08T,Tsedey,8,Tip