File.Name,Region.of.Interest,Median.Number.of.Roots,Maximum.Number.of.Roots,Number.of.Root.Tips,Total.Root.Length.mm,Depth.mm,Maximum.Width.mm,Width-to-Depth.Ratio,Network.Area.mm2,Convex.Area.mm2,Solidity,Lower.Root.Area.mm2,Average.Diameter.mm,Median.Diameter.mm,Maximum.Diameter.mm,Perimeter.mm,Volume.mm3,Surface.Area.mm2,Holes,Average.Hole.Size.mm2,Computation.Time.s,Average.Root.Orientation.deg,Shallow.Angle.Frequency,Medium.Angle.Frequency,Steep.Angle.Frequency,Root.Length.Diameter.Range.1.mm,Root.Length.Diameter.Range.2.mm,Projected.Area.Diameter.Range.1.mm2,Projected.Area.Diameter.Range.2.mm2,Surface.Area.Diameter.Range.1.mm2,Surface.Area.Diameter.Range.2.mm2,Volume.Diameter.Range.1.mm3,Volume.Diameter.Range.2.mm3
D16_B2_DP1S2_seg.png,roi_1,2,6,8,143.231003,52.67325,9.55675,0.181435,16.036258,251.617944,0.063733,9.315506,0.135832,0.127,0.381,268.921787,2.427988,60.773114,105,0.043423,0.351,74.209233,0.033216,0.092344,0.874441,44.86614,98.364863,3.167558,16.16572,9.951176,50.821937,0.180585,2.247403
D16_B2_DP1S3_seg.png,roi_1,2,10,15,221.068985,59.4995,19.14525,0.321772,33.285216,704.604942,0.04724,29.848731,0.188092,0.14199,0.827939,409.818206,8.799081,130.614322,71,0.037497,0.446,71.886685,0.069211,0.170709,0.76008,54.030769,167.038216,3.741486,37.805427,11.754226,118.860097,0.208986,8.590095
D16_B2_DP2S2_seg.png,roi_1,2,6,9,181.0117,63.8175,11.811,0.185075,30.480786,354.349594,0.086019,28.972724,0.21965,0.1905,1.025874,321.704053,10.216949,124.156132,56,0.754625,0.341,71.519416,0.075345,0.109471,0.815184,28.57062,152.44108,2.048258,37.456511,6.434793,117.721338,0.1188,10.098149
D16_B2_DP2S3_seg.png,roi_1,2,12,17,357.529694,77.9145,11.1125,0.142624,51.591631,576.953987,0.089421,45.662207,0.193269,0.179605,1.79268,641.385584,18.552255,214.394654,184,0.136231,0.393,70.31332,0.092148,0.129139,0.778713,104.477979,253.051715,7.221103,61.004381,22.685765,191.708888,0.401864,18.150392
D16_B2_DP2S4_seg.png,roi_1,2,20,14,361.735527,77.75575,21.082,0.271131,54.011989,1002.089226,0.053899,51.298285,0.208379,0.1905,1.016,571.421935,17.713017,236.824459,405,0.01879,0.428,56.885625,0.204296,0.268201,0.527503,73.752391,287.983136,5.305557,69.979911,16.70373,220.120729,0.313074,17.399944
D16_B2_DP3S2_seg.png,roi_1,1,15,7,144.554222,37.7825,27.051,0.715966,29.372925,490.876034,0.059838,24.463661,0.302873,0.254,0.954614,220.525535,14.487854,136.085108,86,0.009506,0.403,57.525866,0.15499,0.346449,0.49856,15.921837,128.632385,1.108527,42.208708,3.48254,132.602567,0.063191,14.424663
D16_B2_DP4S1_seg.png,roi_1,3,15,20,311.058456,65.2145,22.19325,0.340312,46.315432,954.851921,0.048505,16.016097,0.17933,0.14199,0.764641,580.112785,10.662287,173.922416,106,0.371462,0.385,69.833472,0.073631,0.158572,0.767798,79.005,232.053456,5.596029,49.754985,17.598357,156.324058,0.320628,10.341659
D16_B2_DP5S1_seg.png,roi_1,3,12,20,318.562738,73.0885,27.432,0.375326,44.153138,1089.446914,0.040528,42.460601,0.164199,0.127,0.863693,614.842905,9.868711,163.648411,66,0.280486,0.443,70.960006,0.050395,0.155248,0.794357,114.65555,203.907189,8.181243,43.893399,25.702134,137.946276,0.472111,9.396599
D16_B2_KP1S1_seg.png,roi_1,2,6,10,149.032482,62.57925,11.176,0.17859,24.132008,410.449784,0.058794,23.42334,0.182098,0.179605,0.647575,295.28537,4.99019,85.525258,26,0.207932,0.346,79.532867,0.015228,0.034149,0.950623,30.258043,118.774439,2.172912,25.031517,6.835362,78.689896,0.126654,4.863536
D16_B2_KP1S2_seg.png,roi_1,3,7,14,282.085301,81.43875,18.00225,0.221053,50.669254,940.987029,0.053847,50.669254,0.215183,0.200805,1.041477,531.301222,13.200612,189.432153,75,0.083414,0.519,75.503503,0.043426,0.073508,0.883066,50.624493,231.460808,3.461828,56.82903,10.875654,178.556499,0.191197,13.009415
D16_B2_KP2S3_seg.png,roi_1,3,15,36,527.590808,85.2805,43.053,0.50484,101.10262,2115.250306,0.047797,99.565325,0.251796,0.200805,0.993932,901.153384,35.748842,415.751763,280,0.047134,0.635,66.058054,0.11975,0.191132,0.689117,85.101774,442.489034,6.010964,126.255316,18.892957,396.858806,0.344572,35.40427
D16_B2_KP2S4_seg.png,roi_1,2,8,15,238.179431,64.5795,7.239,0.112094,34.201544,271.469215,0.125987,32.818483,0.184419,0.127,1.047269,437.314253,9.757223,136.213833,66,0.344101,0.394,74.497949,0.046542,0.12645,0.827008,74.785989,163.393442,5.248287,38.109923,16.48798,119.725853,0.297169,9.460054
D16_B2_KP3S1_seg.png,roi_1,3,18,21,401.187371,65.4685,12.92225,0.197381,61.746852,535.171309,0.115378,31.39409,0.247603,0.1905,1.894387,596.499148,36.536569,309.781092,337,0.061049,0.382,61.146759,0.15361,0.246125,0.600265,87.806586,313.380786,6.251273,92.297389,19.663204,290.117888,0.361777,36.174792
D16_B2_KP3S2_seg.png,roi_1,2,7,1,56.451472,23.01875,4.41325,0.191724,8.655225,39.092664,0.221403,7.673372,0.21149,0.1905,1.125223,96.622058,3.329303,37.210677,30,0.087466,0.229,71.098841,0.103651,0.127208,0.76914,7.754543,48.696929,0.563694,11.280832,1.770898,35.439779,0.03314,3.296163
D16_B2_KP4S1_seg.png,roi_1,1,11,5,130.18907,46.64075,18.4785,0.396188,22.982817,383.57635,0.059917,20.437459,0.232648,0.200805,0.827939,209.920488,7.254396,95.944662,132,0.073283,0.45,54.468189,0.210594,0.309044,0.480362,16.193888,113.995182,1.151296,29.361451,3.625859,92.318803,0.069408,7.184988
D16_B2_MP1S2_seg.png,roi_1,1,13,5,197.378878,61.0235,16.47825,0.270031,38.534197,488.296906,0.078916,36.621903,0.281916,0.200805,1.661954,325.293777,19.916942,174.278315,122,0.134039,0.301,65.72891,0.114196,0.195071,0.690732,23.968352,173.410526,1.761672,53.702628,5.534455,168.743859,0.104965,19.811976
D16_B2_MP1S4_seg.png,roi_1,1,9,8,211.126694,69.0245,13.87475,0.201012,39.316454,499.327126,0.078739,34.233803,0.284824,0.200805,1.648556,335.773146,23.513763,186.845516,120,0.020783,0.31,66.290016,0.127062,0.161685,0.711253,32.991026,178.135668,2.418597,57.02768,7.598247,179.247269,0.143936,23.369827
D16_B2_MP2S3_seg.png,roi_1,1,12,12,307.264771,75.819,10.795,0.142379,47.64809,441.571193,0.107906,46.04023,0.214054,0.1905,1.373715,519.964105,15.90563,203.790395,222,0.161776,0.354,67.813172,0.107352,0.167496,0.725152,54.737426,252.527345,3.993447,60.832017,12.55474,191.235655,0.237247,15.668384
D16_B2_MP2S4_seg.png,roi_1,4,12,13,234.722779,36.98875,14.63675,0.395708,35.978759,406.213401,0.088571,29.430385,0.218938,0.179605,1.402761,406.945884,16.018005,160.339002,107,0.202206,0.261,67.545664,0.113114,0.1537,0.733187,58.506263,176.216516,4.233623,46.795312,13.309277,147.029725,0.24854,15.769465
D16_B2_TP1S2_seg.png,roi_1,1,8,4,131.342058,68.86575,8.85825,0.128631,21.871932,346.326424,0.063154,18.340689,0.210661,0.1905,0.835212,237.553937,6.190281,86.327799,32,0.381678,0.223,74.184917,0.065467,0.081899,0.852634,11.512713,119.829345,0.854565,26.624427,2.684695,83.643105,0.051331,6.13895
D16_B3_AP1S2_seg.png,roi_1,2,7,15,156.429911,49.05375,5.93725,0.121036,16.982829,172.354494,0.098534,16.139081,0.137045,0.127,0.683916,291.242839,3.466334,67.32728,113,0.142583,0.23,76.24462,0.063142,0.057478,0.879379,70.806665,85.623246,4.84567,16.582418,15.232078,52.095202,0.268634,3.197701
D16_B3_AP1S3_seg.png,roi_1,2,5,5,94.643797,41.11625,25.8445,0.628571,17.953593,370.90198,0.048405,16.788273,0.222127,0.200805,0.8255,180.254412,4.892157,66.750819,35,0.013854,0.239,62.688312,0.077331,0.315011,0.607657,14.391068,80.252729,1.034074,20.213372,3.248638,63.502181,0.060053,4.832105
D16_B3_AP1S4_seg.png,roi_1,2,10,8,121.296426,38.989,23.52675,0.60342,22.161246,379.493697,0.058397,19.494921,0.236965,0.200805,0.969285,212.148595,7.533595,90.425363,73,0.010233,0.259,56.601521,0.165282,0.303638,0.53108,20.230264,101.066162,1.455814,27.316068,4.573576,85.851788,0.08468,7.448915
D16_B3_AP2S1_seg.png,roi_1,1,7,16,162.498126,59.2455,17.0815,0.288317,22.678382,418.87013,0.054142,21.638062,0.176324,0.14199,1.198116,304.73456,6.466181,91.26979,56,0.004734,0.23,74.390956,0.050691,0.062212,0.887097,51.715435,110.782691,3.438218,25.567795,10.80148,80.468309,0.183243,6.282938
D16_B3_BP1S2_seg.png,roi_1,1,6,8,111.024861,72.136,10.38225,0.143926,24.610838,330.693895,0.074422,23.779186,0.253459,0.228953,0.847196,215.762996,7.090307,88.558958,19,0.003343,0.221,74.105954,0.030561,0.111216,0.858223,8.072043,102.952818,0.591836,27.597356,1.859308,86.69965,0.035107,7.0552
D16_B3_BP1S3_seg.png,roi_1,1,5,9,147.645735,65.75425,33.17875,0.504587,30.646108,1088.315364,0.028159,29.604779,0.245136,0.254,1.086945,279.879342,9.191329,114.308323,38,0.009921,0.294,65.877123,0.11964,0.185975,0.694385,23.203321,124.442414,1.679248,34.6757,5.275513,109.032809,0.098267,9.093062
D16_B3_BP1S4_seg.png,roi_1,1,6,5,88.753826,48.35525,6.223,0.128693,12.739894,170.626171,0.074666,12.009049,0.163334,0.127,0.808223,173.210668,2.544826,45.537633,10,0.013004,0.243,79.473251,0.040816,0.038549,0.920635,20.311588,68.442238,1.358705,13.136374,4.268496,41.269137,0.072623,2.472203
D16_B3_BP2S1_seg.png,roi_1,2,7,7,91.957772,48.8315,5.7785,0.118336,12.401185,160.743126,0.077149,11.599775,0.158103,0.127,0.71842,181.639118,2.386056,45.458068,16,0.00126,0.207,78.221719,0.048816,0.050273,0.900911,18.19562,73.762152,1.243667,13.226086,3.907094,41.550973,0.068936,2.317121
D16_B3_BP3S1_seg.png,roi_1,1,8,9,170.893571,78.89875,25.146,0.318712,30.298327,999.995984,0.030298,29.496917,0.216344,0.1905,1.170882,319.416637,9.367185,117.260006,47,0.009995,0.302,70.230695,0.059388,0.16449,0.776122,30.670793,140.222778,2.178926,35.146094,6.845297,110.414709,0.124985,9.2422
D16_B3_BP4S1_seg.png,roi_1,1,9,8,239.669784,84.35975,17.04975,0.202108,39.784195,712.203213,0.055861,38.323512,0.192951,0.14199,1.092495,447.08759,10.588173,148.086845,144,0.279905,0.279,72.945239,0.047444,0.137374,0.815182,54.240481,185.429303,3.885347,43.240754,12.206179,135.880666,0.225451,10.362721
D16_B3_KP1S1_seg.png,roi_1,3,6,8,146.762022,38.44925,28.98775,0.753922,25.997932,706.875098,0.036779,25.481804,0.202753,0.1905,0.653773,270.050475,6.401696,95.677166,68,0.043643,0.26,68.847757,0.088041,0.186911,0.725047,31.250932,115.511091,2.175788,28.273497,6.83544,88.841727,0.122352,6.279344
D16_B3_KP2S1_seg.png,roi_1,2,7,14,225.926829,62.64275,6.44525,0.102889,30.429375,232.254072,0.131018,28.76708,0.165399,0.127,1.077631,423.325068,7.110069,117.069331,86,0.550672,0.252,77.077969,0.053595,0.068803,0.877602,63.46658,162.460249,4.37615,32.875044,13.757039,103.312292,0.243343,6.866726
D16_B3_KP2S2_seg.png,roi_1,2,7,9,206.967245,75.53325,23.0505,0.30517,36.60779,1031.040277,0.035506,34.095698,0.201442,0.1905,0.764641,392.780927,8.938249,133.15573,102,0.002649,0.274,76.935794,0.046387,0.089844,0.86377,48.266194,158.701051,3.414993,38.969792,10.728516,122.427214,0.196748,8.741501
D16_B3_TP1S2_seg.png,roi_1,1,6,8,128.019363,48.54575,14.9225,0.30739,18.214681,390.289038,0.04667,16.970732,0.173185,0.127,1.285777,247.612919,5.119613,69.100347,9,0.158378,0.204,75.131044,0.029229,0.081732,0.889039,26.166032,101.853331,1.837984,20.15734,5.774196,63.326151,0.10411,5.015503
D17_B1_AP1S3_seg.png,roi_1,2,16,11,553.301843,88.67775,34.57575,0.389903,100.878831,2015.231353,0.050058,97.880853,0.292987,0.228953,2.025043,824.119656,67.568166,510.494673,632,0.018571,0.383,58.496215,0.181621,0.240399,0.577979,94.661848,458.639995,6.87125,155.587149,21.595625,488.899048,0.406533,67.161633
D17_B1_AP2S4_seg.png,roi_1,3,8,13,223.276304,61.087,12.192,0.199584,30.307399,393.579858,0.077004,28.991878,0.1675,0.127,1.392664,427.500832,8.042385,117.41364,47,2.073091,0.233,73.430141,0.038109,0.135791,0.8261,69.411373,153.86493,4.92673,32.447192,15.47778,101.935861,0.282867,7.759518
D17_B1_AP3S1_seg.png,roi_1,3,11,15,363.086691,78.1685,41.021,0.524777,54.401101,1819.722671,0.029895,46.239827,0.218476,0.14199,1.977696,622.610639,29.20969,248.715686,201,0.044932,0.352,64.355863,0.113723,0.256539,0.629738,91.690046,271.396645,6.570834,72.5786,20.6608,228.054886,0.38379,28.8259
D17_B1_AP3S2_seg.png,roi_1,3,14,18,330.002699,86.45525,21.87575,0.25303,52.636992,1182.680598,0.044507,4.793337,0.222336,0.14199,2.246859,583.001194,28.373629,228.985337,133,0.254752,0.292,67.756394,0.120467,0.166133,0.7134,65.902144,264.100555,4.755517,68.129928,14.948856,214.036481,0.27791,28.095718
D17_B1_AP5S1_seg.png,roi_1,1,19,8,218.790821,85.18525,29.94025,0.351472,41.601731,1274.013581,0.032654,4.149185,0.239891,0.1905,1.2065,393.873363,16.253468,164.591793,89,0.13465,0.334,65.677232,0.115098,0.235434,0.649468,41.317457,177.473364,2.86929,49.516202,9.01414,155.577653,0.160968,16.0925
D17_B1_BP1S3_seg.png,roi_1,2,11,27,374.553114,83.7565,23.114,0.275967,56.541218,1258.632059,0.044923,50.597681,0.210595,0.1905,0.943995,632.64428,18.792558,242.940261,180,0.150011,0.28,64.397024,0.135911,0.197057,0.667032,94.812054,279.74106,6.689262,70.591505,21.023893,221.916368,0.381948,18.41061
D17_B1_BP1S4_seg.png,roi_1,2,9,20,237.293434,75.311,31.71825,0.421164,40.203549,1198.122604,0.033555,39.00597,0.213725,0.1905,1.023907,431.779804,12.505736,159.314458,104,0.090987,0.321,67.406306,0.081671,0.230456,0.687873,60.627679,176.665755,4.296172,46.390369,13.512115,145.802343,0.246896,12.25884
D17_B1_BP2S2_seg.png,roi_1,1,6,6,138.194063,53.49875,7.8105,0.145994,22.06044,250.21825,0.088165,21.466691,0.194493,0.1905,1.284208,255.15775,5.935502,84.493625,40,0.176713,0.216,77.149233,0.053139,0.065991,0.88087,20.597178,117.596885,1.480102,25.403298,4.649877,79.843747,0.086564,5.848937
D17_B1_BP3S2_seg.png,roi_1,2,12,9,185.718791,67.08775,28.0035,0.417416,36.806378,1091.988239,0.033706,33.955577,0.240695,0.254,0.993932,339.06731,11.066205,140.383921,81,0.020547,0.284,68.150873,0.099557,0.220539,0.679904,31.05405,154.664742,2.161329,42.513377,6.790016,133.593905,0.121292,10.944913
D17_B1_DP1S1_seg.png,roi_1,2,7,14,196.629896,62.70625,16.85925,0.268861,31.588646,637.351548,0.049562,29.284216,0.20738,0.1905,1.309086,361.091236,10.892599,127.677435,66,0.042995,0.252,75.552892,0.048542,0.072289,0.879169,47.052538,149.577358,3.277896,37.357391,10.297814,117.379621,0.184623,10.707976
D17_B1_DP1S2_seg.png,roi_1,3,11,13,308.490672,77.43825,7.9375,0.102501,44.848701,371.316294,0.120783,43.987815,0.188877,0.1905,1.0795,550.598917,11.410516,180.05292,161,0.124186,0.233,70.114241,0.112828,0.117907,0.769265,78.43334,230.057332,5.660094,51.646828,17.781711,162.271209,0.330358,11.080158
D17_B1_DP1S3_seg.png,roi_1,1,6,9,106.300881,48.92675,9.271,0.189487,19.983831,181.498125,0.110105,19.290284,0.243713,0.228953,0.971363,186.438533,6.305081,80.945316,49,0.051987,0.208,69.724685,0.099968,0.103825,0.796207,8.681128,97.619753,0.63414,25.131554,1.992209,78.953107,0.037674,6.267407
D17_B1_DP1S4_seg.png,roi_1,3,9,14,251.927701,57.0865,7.5565,0.132369,37.828553,286.657189,0.131964,37.136014,0.193375,0.179605,1.10898,453.005174,10.47197,151.899337,102,0.255643,0.244,72.471631,0.075349,0.101504,0.823147,61.5864,190.3413,4.445691,43.90537,13.966551,137.932786,0.25945,10.21252
D17_B1_DP2S1_seg.png,roi_1,1,8,8,200.608446,68.0085,14.1605,0.208217,34.971704,600.281058,0.058259,32.441467,0.225652,0.1905,1.5875,366.655803,13.527701,142.654501,74,0.046698,0.275,72.332181,0.053822,0.153068,0.793109,15.082638,185.525808,1.137958,44.243527,3.575002,139.079499,0.069464,13.458238
D17_B1_TP1S3_seg.png,roi_1,1,9,4,132.276025,70.00875,10.69975,0.152834,24.993902,427.338863,0.058487,22.391084,0.245572,0.1905,1.284208,233.398172,9.701577,101.914045,56,0.002826,0.237,70.445251,0.088617,0.182432,0.72895,6.66547,125.610555,0.493046,31.9415,1.54895,100.365095,0.030316,9.671261
D17_B1_TP3S1_seg.png,roi_1,1,4,4,125.69694,76.454,9.525,0.124585,21.926367,294.811406,0.074374,21.072539,0.202613,0.1905,1.033705,239.310922,5.28588,80.065065,32,0.001733,0.209,77.719704,0.027337,0.044013,0.92865,11.092646,114.604294,0.83679,24.648712,2.628854,77.436211,0.051072,5.234808
D17_B1_TP3S2_seg.png,roi_1,1,8,3,118.44595,74.1045,8.15975,0.110111,17.911255,317.407127,0.05643,17.278191,0.17824,0.179605,0.483602,213.441441,3.593903,66.870041,88,0.006335,0.213,75.190743,0.061742,0.049056,0.889202,22.810879,95.635071,1.656389,19.623303,5.2037,61.666341,0.097757,3.496146
D17_B4_AP1S1_seg.png,roi_1,1,4,8,41.605397,20.66925,4.98475,0.241167,8.973772,52.594149,0.170623,7.985871,0.250405,0.1905,1.321349,79.537915,3.508868,33.441916,6,0.113071,0.207,74.522536,0.036304,0.078383,0.885314,40.677878,0.927519,9.567086,1.077807,30.055886,3.38603,2.518317,0.990551
D17_B4_AP1S2_seg.png,roi_1,2,4,13,110.609695,53.56225,11.20775,0.209247,21.77415,310.397565,0.070149,21.093708,0.217018,0.1905,0.993932,214.725433,5.555161,76.724993,20,0.396269,0.302,73.372473,0.007309,0.175723,0.816969,110.609695,0,24.422324,0,76.724993,0,5.555161,0
D17_B4_BP1S1_seg.png,roi_1,4,6,15,150.000749,35.02025,26.51125,0.757026,31.151147,304.806346,0.1022,29.939456,0.244085,0.200805,1.047269,291.670555,9.257535,115.370802,34,0.290915,0.313,66.67695,0.110111,0.182572,0.707317,149.662394,0.338355,36.375223,0.348443,114.276135,1.094667,8.97567,0.281865
D17_B4_BP1S2_seg.png,roi_1,1,6,9,74.973458,38.06825,6.6675,0.175146,16.370935,165.495133,0.098921,15.436461,0.253992,0.254,0.662959,139.923489,4.390304,59.667912,20,0.02631,0.208,68.085141,0.10069,0.111264,0.788046,74.973458,0,18.992886,0,59.667912,0,4.390304,0
D17_B4_BP2S1_seg.png,roi_1,1,4,1,39.13831,33.274,10.0965,0.303435,12.699571,116.044627,0.109437,11.849775,0.315368,0.3175,1.085088,84.770576,3.674098,39.446712,2,0.001008,0.52,72.581095,0,0.261708,0.738292,38.966408,0.171901,12.374232,0.182047,38.874796,0.571916,3.522627,0.151471
D17_B4_BP2S2_seg.png,roi_1,2,8,15,95.558419,41.7195,10.4775,0.251142,21.125966,136.902952,0.154313,19.679396,0.25289,0.228953,1.10898,187.123268,6.446136,75.817261,10,0.007863,0.418,72.387948,0.040205,0.099781,0.860015,95.251814,0.306605,23.809541,0.323842,74.79988,1.01738,6.177242,0.268893
D17_B4_KP1S1_seg.png,roi_1,1,3,4,43.828511,27.71775,14.6685,0.52921,9.644134,125.441785,0.076881,8.992926,0.242613,0.254,0.724011,87.857095,2.519458,33.800619,4,0.013861,0.383,60.662238,0.188322,0.183388,0.628289,43.828511,0,10.759071,0,33.800619,0,2.519458,0
D17_B4_KP1S2_seg.png,roi_1,1,6,9,64.357836,34.6075,11.3665,0.32844,12.855821,159.683652,0.080508,11.079615,0.21627,0.1905,0.638167,128.162772,2.944841,44.07958,17,0.005574,0.448,68.628904,0.088188,0.122929,0.788883,64.357836,0,14.030966,0,44.07958,0,2.944841,0
D17_B4_MP1S1_seg.png,roi_1,1,5,13,71.1798,38.76675,8.92175,0.230139,16.438475,123.562757,0.133037,14.815495,0.270553,0.254,1.017982,138.825391,5.676664,60.489907,12,0.008905,0.467,69.858353,0.075416,0.078355,0.846229,71.039649,0.140151,19.113377,0.141158,60.046445,0.443462,5.564998,0.111666
D17_B4_MP2S1_seg.png,roi_1,2,6,12,101.56204,40.132,13.87475,0.345728,30.862842,202.548486,0.152373,26.854785,0.367871,0.3175,1.875133,191.674706,17.650806,117.186489,15,0.306518,0.426,69.666003,0.081278,0.13338,0.785342,95.073371,6.488669,28.569344,8.732274,89.753243,27.433246,8.151126,9.49968
D17_B4_MP2S2_seg.png,roi_1,1,5,13,99.366229,38.862,12.6365,0.325163,23.437453,215.566605,0.108725,21.923343,0.275297,0.254,1.509378,191.768474,8.788077,86.029096,17,0.180087,0.463,70.439928,0.044191,0.215253,0.740556,97.822309,1.54392,25.432707,1.951204,79.899207,6.129889,6.822535,1.965542
D17_B4_TP1S1_seg.png,roi_1,1,6,6,57.477206,40.513,4.15925,0.102665,12.839692,95.863216,0.133938,12.131024,0.242293,0.228953,1.004023,114.273736,3.535241,44.328623,6,0.003192,0.387,78.345992,0.041642,0.033431,0.924927,57.381956,0.09525,14.013343,0.096896,44.024216,0.304407,3.457818,0.077423
D17_B4_TP1S2_seg.png,roi_1,1,5,4,75.48294,41.021,15.494,0.377709,15.34876,267.284244,0.057425,14.421342,0.225104,0.1905,1.004023,145.993507,3.990483,53.96722,12,0.023689,0.372,73.40295,0.045914,0.136823,0.817264,75.41944,0.0635,17.114544,0.063755,53.766926,0.200294,3.940208,0.050275
D17_B4_TP2S1_seg.png,roi_1,2,6,8,88.344721,38.06825,7.84225,0.206005,16.986861,133.491669,0.12725,16.275169,0.216901,0.1905,0.743248,172.491833,3.778321,59.889835,8,0.089592,0.398,74.870389,0.038763,0.101018,0.860219,88.344721,0,19.063526,0,59.889835,0,3.778321,0
D17_B4_TP2S2_seg.png,roi_1,1,4,3,51.61622,41.43375,6.5405,0.157854,13.229812,91.151027,0.145142,12.533241,0.26567,0.254,1.047269,105.552447,3.476847,42.983955,4,0.009577,0.412,78.824605,0.013807,0.049967,0.936226,51.335918,0.280303,13.391864,0.290354,42.071783,0.912173,3.24061,0.236238
D17_B4_TP3S1_seg.png,roi_1,1,4,3,42.00593,32.22625,6.44525,0.2,12.208645,69.25591,0.176283,11.488888,0.302446,0.283981,1.0795,87.596807,3.48149,40.046291,0,NA,0.314,77.109644,0.016625,0.012469,0.970906,41.699325,0.306605,12.426983,0.320147,39.04052,1.005771,3.218812,0.262678
D17_B4_TP3S2_seg.png,roi_1,1,4,11,112.118928,61.087,4.953,0.081081,20.945523,157.919039,0.132635,20.621935,0.210669,0.1905,0.599058,216.579111,4.656122,73.892122,15,0.066398,0.378,78.664454,0.01609,0.048877,0.935033,112.118928,0,23.520593,0,73.892122,0,4.656122,0
D17_B4_TP4S1_seg.png,roi_1,1,4,8,63.775054,39.90975,8.128,0.20366,15.214687,149.277927,0.101922,13.953601,0.259144,0.254,1.350029,129.138931,4.867502,52.320196,3,0.353158,0.403,74.448068,0.02309,0.038483,0.938428,62.739134,1.03592,15.426965,1.227071,48.465241,3.854956,3.718316,1.149185
D17_B4_TP4S2_seg.png,roi_1,1,8,6,64.35558,38.735,7.90575,0.204098,14.83364,123.082415,0.120518,14.218722,0.261168,0.254,0.909182,125.253988,4.162342,52.67562,13,0.004963,0.419,71.559589,0.044205,0.069542,0.886253,64.35558,0,16.767171,0,52.67562,0,4.162342,0
D17_B4_TP6S2_seg.png,roi_1,1,5,1,53.625015,38.481,20.1295,0.523102,14.691503,224.672434,0.065391,13.343723,0.290997,0.283981,0.585441,109.447001,3.771304,49.245199,2,0.055443,0.415,63.010031,0.12238,0.150101,0.727519,53.625015,0,15.675234,0,49.245199,0,3.771304,0